variable,niveles,n,media,ds,mediana,minimo,maximo,Q1,Q3,IQR
sex,F,591,11.448392554991539,3.874334491331916,12,0,19,10,14,4
sex,M,453,11.20309050772627,3.852167437619235,11,0,20,10,14,4
schoolsup,no,925,11.451891891891892,3.9770865891023464,12,0,20,10,14,4
schoolsup,yes,119,10.487394957983193,2.708635112597247,11,0,18,9,12,3
activities,no,528,11.212121212121213,3.7990916781788298,11,0,19,10,14,4
activities,yes,516,11.474806201550388,3.9301356187524505,12,0,20,10,14,4
