n,media,ds,mediana,minimo,maximo,Q1,Q3,IQR
1044,11.341954022988507,3.864795804383605,11,0,20,10,14,4
