variable,n,media,ds,mediana,minimo,maximo,Q1,Q3,IQR
age,1044,16.726053639846743,1.239974693164953,17,15,22,16,18,2
absences,1044,4.434865900383142,6.210016564763469,2,0,75,0,6,6
studytime,1044,1.9703065134099618,0.8343531961414864,2,1,4,1,2,1
